area,perimeter,solidity,eccentricity,erythema_index,necrosis_index,color_variance,ulcer_present,Severity_Cluster
30575.0,2008.4966081312812,0.4665374755859375,0.5142043868142285,130.31320190429688,72.07489013671875,55.3204721111204,1,2
21003.0,2380.394190495589,0.4942812764755718,0.8003982422958124,139.6265411376953,116.44255065917967,45.24098690421553,1,3
15052.0,1070.6295090390224,0.4602917341977309,0.8664483790974472,137.9936065673828,137.2940673828125,66.23879780654335,1,5
12090.0,812.58787847868,0.606227749084892,0.9593084220583966,138.1429443359375,133.82736206054688,65.2640941319048,1,5
4789.0,656.1980515339465,0.6078182510470872,0.8657848495464021,139.1661834716797,179.6424102783203,36.3162449015682,1,3
9364.0,625.9726547895302,0.8802406467381086,0.5550993272735952,141.08978271484375,187.83883666992188,47.14786713494019,1,3
25840.0,1013.6711395993652,0.8458542014468559,0.9137918118873494,143.2602996826172,175.8969268798828,41.477929632949085,1,3
20349.0,1157.7676400493967,0.8731228009954518,0.6053405886531311,142.07420349121094,180.5273895263672,48.36072415673407,1,3
26147.0,1006.2569260369922,0.7872045762456721,0.9111230521845438,138.33172607421875,140.22872924804688,45.91170571024782,1,3
23839.0,2203.1626970967627,0.6020709685566359,0.4514118612255325,138.28311157226562,172.39219665527344,27.667478081215744,1,1
15901.0,1953.901766446414,0.7765676890017582,0.9156405558761848,139.25543212890625,155.6257781982422,57.94450745707252,1,5
15143.0,1702.508801440101,0.426107265462322,0.8168640953774265,137.21615600585938,139.75949096679688,62.07665437717076,1,5
15225.0,836.4123009900693,0.8794985847149211,0.6886694700273297,140.5795135498047,183.95201110839844,46.06041786076888,1,3
42209.0,2287.782971419796,0.7458211117786337,0.7414035870698426,146.52474975585938,138.4421844482422,68.12711141714439,1,4
24567.0,3434.35779003788,0.5247901224018969,0.7679276546873407,130.9596405029297,194.92034912109372,46.5479931162168,1,2
17980.0,2277.198231002696,0.5207367933271547,0.9044366908198844,136.48849487304688,179.0059356689453,38.3053766416984,1,3
7176.0,1036.3006486383877,0.5760616520831661,0.7868643037387086,134.0404510498047,193.6476287841797,49.32231534825708,1,2
14300.0,1352.1168824543142,0.6207405478143856,0.9476170677045098,132.94625854492188,173.9165496826172,49.49944828135581,1,2
23620.0,2874.9110011624034,0.571262727646504,0.843422307984155,138.20144653320312,173.3353729248047,37.49584902875598,1,3
36064.0,2923.2835841644337,0.6330682675935191,0.7012967605460407,142.22537231445312,152.68853759765625,43.8430979368776,1,3
28333.0,2638.744478921033,0.596961779950276,0.8265699867234764,140.0863494873047,154.12844848632812,39.10018995384694,1,3
21088.0,1035.210244842766,0.8689274382957682,0.9195627479495871,145.73406982421875,138.98374938964844,46.53630086100619,1,0
6006.0,749.547293938864,0.5442682374263706,0.9289522147123636,141.77310180664062,175.62307739257812,52.362268393607565,1,5
17534.0,1262.897582364308,0.6461050924902351,0.8515994866581914,131.65589904785156,104.9228973388672,53.81243771794429,1,2
20124.0,1895.723050896224,0.6066379284357761,0.8057430156704832,147.22300720214844,141.5369110107422,61.2850325932848,1,4
34487.0,1532.010280736516,0.8566708895347394,0.8249643076928515,141.5518035888672,124.90055847167967,45.847519784516365,1,3
42141.0,1045.179761570717,0.974741516896815,0.7384635504901451,143.42665100097656,117.45564270019533,62.65457940884864,1,5
44154.0,1157.7310601229374,0.9462314896170412,0.6976959510817065,139.96339416503906,108.69949340820312,51.61157070324833,1,5
21253.0,1877.4204896855324,0.5089319923371648,0.8398674347355954,132.38063049316406,102.01808166503906,43.634956128210966,1,2
9240.0,756.8010819142764,0.7900812312954254,0.9395102527694604,139.3425750732422,174.3245849609375,39.03259502331872,1,3
29579.0,2263.74238687998,0.6007962139215567,0.7318974522086699,139.91696166992188,136.5765380859375,58.36814838658346,1,5
30538.0,1730.36666581637,0.6211834584324973,0.8359308647543914,138.1324005126953,103.7786102294922,42.22529700374099,1,3
11939.0,860.0559159102154,0.7512112250676398,0.5456243395603045,135.57940673828125,148.8682098388672,34.68919478688571,1,1
12072.0,588.605122421383,0.8988830975428146,0.8753773410556898,136.53463745117188,106.25372314453124,53.80121516376095,1,5
21236.0,1465.8569978244918,0.643300717942504,0.3494475328478095,142.9265899658203,180.14114379882812,43.5901248131197,1,3
35016.0,1295.4295449327724,0.7376448283126185,0.8235691022030701,139.33790588378906,134.17385864257812,39.67607268141069,1,3
3408.0,314.54520189781084,0.8696095942842562,0.8821759614967875,137.18833923339844,130.52484130859375,43.46325179527704,1,3
18887.0,1204.5422433049805,0.6297975924505652,0.9382919597498026,137.2606964111328,118.24855041503906,39.411447640167765,1,3
17181.0,897.7604973744603,0.8693518190558114,0.5684511021427908,139.77781677246094,139.3445587158203,47.99838003321276,1,3
31925.0,1470.7037149124678,0.8617664525184905,0.7985945475349537,141.38177490234375,118.71328735351562,49.73203448347589,1,5
24318.0,1485.2001435749992,0.6990542444016443,0.8917313891715228,139.35960388183594,127.02142333984376,47.25407171702604,1,3
30933.0,2319.6397897755387,0.4729165711140669,0.5580971699696495,142.2224884033203,106.113037109375,31.083359915758013,1,3
20048.0,1445.6671349860085,0.5416328956611012,0.8402895331127175,140.47596740722656,62.01127624511719,32.60974858282635,1,3
39010.0,1760.5088014401008,0.8414400034511766,0.5992989472700428,146.02313232421875,125.0022430419922,56.92628113438586,1,5
48858.0,1854.247870789752,0.9286121564602576,0.5395866806259387,145.36526489257812,123.17076110839844,61.18984596567603,1,5
11970.0,1349.908729652601,0.2675697424892704,0.8486648391838574,135.81277465820312,152.30514526367188,52.51337841241413,1,5
15546.0,1876.7880220536797,0.4585570172851159,0.9109135065343664,134.2454833984375,172.20700073242188,43.69491534440061,1,2
18861.0,1122.3107499061543,0.6251988862370724,0.8502402724973795,134.5481719970703,138.98948669433594,59.2902956322562,1,5
22438.0,2310.725142937277,0.6252054947198306,0.7515329897369748,136.16958618164062,149.31150817871094,56.339734154206,1,5
13194.0,543.167568261897,0.9504394179513038,0.5239597949511433,145.4144744873047,111.3933563232422,41.068931944899234,1,3
16344.0,1812.946355599587,0.5120942473994234,0.9140770587930572,136.9799041748047,172.44895935058594,45.10055216349806,1,3
36925.0,1708.3311319104375,0.7351623628725585,0.5855502204473332,140.46939086914062,173.1529083251953,47.13069550040029,1,3
23523.0,1775.8225099390856,0.5772232037691402,0.8603516144422524,136.14747619628906,155.05230712890625,30.61817876314752,1,1
6950.0,827.9615075012371,0.6450714683497308,0.9451207043440965,136.9829559326172,156.63772583007812,28.50470510389036,1,1
34057.0,1555.4549775709384,0.6460589964905624,0.8204395140352047,133.51434326171875,96.37486267089844,42.25774305629631,1,2
17496.0,865.6843789287115,0.8799034399517199,0.8035440330102722,147.69656372070312,103.36683654785156,42.9664990005709,1,0
8466.0,707.6822868876584,0.7072681704260652,0.9809631321563624,138.4041290283203,184.07440185546875,38.02727142435384,1,3
17639.0,1052.4762261269984,0.6963129638402021,0.8457340795576596,139.1872100830078,89.33837890625,31.465505913122765,1,3
26066.0,939.4518395093588,0.7889463966827083,0.9036251356193572,139.54104614257812,77.44720458984375,23.048182628617564,1,1
41185.0,1927.628642487245,0.7538070136906069,0.7446593240609386,149.89633178710938,112.0186004638672,47.77226744546557,1,0
13831.0,832.4173516239528,0.7751933639726488,0.6702116151502343,143.3700714111328,145.01895141601562,41.81245693012282,1,3
14372.0,629.58787847868,0.9571761571761572,0.8075101992026262,142.1090545654297,140.64556884765625,45.73970422864154,1,3
43631.0,1673.5138520739845,0.7302992769148366,0.7509740657489761,136.22308349609375,114.21177673339844,34.45045081013339,1,1
35557.0,2245.991124221509,0.694038881948782,0.6414762751000915,146.19821166992188,100.06776428222656,38.62132486365062,1,3
25821.0,1993.2449121969216,0.7211159829083699,0.8397402827875983,142.84429931640625,117.19105529785156,45.92830946985551,1,3
26124.0,2123.3281733176077,0.7624328741536306,0.6127655632629744,141.67333984375,117.27098083496094,43.28423072687821,1,3
37714.0,3368.7720036002524,0.768512858132616,0.7540564100796268,143.40774536132812,106.6090850830078,42.67693194562271,1,3
21188.0,1434.6032098490791,0.7689627640270015,0.8414716857312544,143.2742462158203,77.60919189453125,26.511162878356703,1,3
32869.0,3103.551657489719,0.6785647928322219,0.8112883655933103,142.38807678222656,116.59275817871094,43.86661327778241,1,3
11827.0,697.6173157302029,0.7906805722690199,0.9024709830835248,144.27670288085938,131.67723083496094,40.38193675344828,1,3
18682.0,1077.6437943888957,0.7490177211129821,0.8993178964013686,146.29200744628906,124.05992126464844,46.44358435581175,1,0
21004.0,1113.4295449327724,0.7394733136178003,0.8890268107599247,142.13418579101562,110.27937316894533,41.34502731453284,1,3
41015.0,2470.1099192481274,0.6906626252420645,0.2444187133843087,148.47569274902344,92.48780822753906,43.62413982077735,1,0
11816.0,1024.3767670841366,0.6843903851723139,0.7242897619254144,144.95774841308594,115.76998901367188,43.21149642896432,1,3
41698.0,4140.0939007947,0.7195140890031577,0.673027999691527,131.9032440185547,92.38816833496094,34.16831164122356,1,1
20407.0,3915.602522766052,0.4144647318073806,0.6973934129100196,148.6390380859375,107.61439514160156,35.94233649375711,1,0
43123.0,1738.1534623807736,0.8216408810304092,0.7663360098062881,142.586181640625,138.50051879882812,46.72300038481899,1,3
21475.0,1848.1555544218268,0.7859391011564925,0.3320089652490526,143.22901916503906,108.57904052734376,35.50903256333328,1,3
15520.0,2547.51507756326,0.5935444393452655,0.4594687286817505,139.9411163330078,176.11990356445312,44.810581318817896,1,3
35409.0,1017.0965004500316,0.7684911884712214,0.8328764845564873,141.90794372558594,92.6557159423828,38.01582780450652,1,3
23833.0,913.0559159102154,0.884013353115727,0.6702158168835922,138.69802856445312,168.03616333007812,62.16215643729779,1,5
38997.0,1964.5870119269027,0.8043437906070169,0.3333992219082506,140.01968383789062,137.31527709960938,58.98741299412349,1,5
5156.0,497.8122292025696,0.814920183341236,0.8232131363401645,128.7474822998047,178.4637908935547,28.63756483658949,1,1
14450.0,1773.3443712397834,0.3718667970559473,0.81541040018928,129.83529663085938,174.78460693359375,28.77902317596369,1,1
16613.0,1822.3027406794408,0.6624531461839062,0.9278387747382796,128.030029296875,169.4361572265625,35.60025826713481,1,1
14892.0,2239.2976900455574,0.4425031199857372,0.9056619095756328,134.12437438964844,154.72885131835938,26.26624158490683,1,1
18582.0,989.428498912246,0.5356895756457565,0.8785899057571859,132.9982147216797,137.8533935546875,36.89548778020836,1,1
12372.0,2095.6835123769347,0.3390703793027845,0.7272156029419328,132.17835998535156,167.4990997314453,24.551827892105685,1,1
26860.0,3750.009593653489,0.5206334438177201,0.7581865818840547,132.01821899414062,170.13058471679688,28.382539815676303,1,1
27251.0,2615.9616869699867,0.4660999555297095,0.7184885857652369,131.06735229492188,129.32286071777344,32.18730750561608,1,1
15929.0,1650.0407640085652,0.5263523114033638,0.8725666288734353,142.18557739257812,151.35931396484375,40.16977653725787,1,3
19091.0,1457.1057351660208,0.4845554455696845,0.7736028457886821,144.9809112548828,153.83853149414062,49.32282777515421,1,0
6116.0,724.9137802864844,0.7493261455525606,0.6782367666520943,143.12765502929688,162.24705505371094,40.85734485604726,1,3
24698.0,899.3097038856279,0.9054846751723128,0.925123329826684,143.1389923095703,106.11160278320312,49.04202936284447,1,3
10284.0,756.0914498161482,0.68624049112505,0.6613719549070113,134.43299865722656,82.70594787597656,26.25443598438544,1,1
23275.0,1713.224530192639,0.568320554768765,0.8676222677015991,131.1914825439453,130.82615661621094,31.545992485486952,1,1
8790.0,681.002092041053,0.6060815003792319,0.9186228531026264,132.77926635742188,127.26506042480467,38.95682191456195,1,1
3873.0,314.99494936611666,0.9359594006766554,0.8797492644993955,127.72747802734376,130.3844451904297,48.66121713711012,1,2
22580.0,2725.064284074427,0.6338067703362713,0.8395659329260511,127.98512268066406,140.17835998535156,21.24636657027568,1,1
34924.0,2416.6713190681144,0.7576526738257946,0.7419969261752171,130.63282775878906,104.48590087890624,24.429747153417555,1,1
15423.0,1489.7869760331528,0.6135088905684395,0.8137566826180398,132.66464233398438,118.35789489746094,43.9442469774696,1,2
30964.0,1635.6610383315983,0.6149263216427692,0.8224427004435284,139.1053009033203,113.14303588867188,67.89197836047543,1,5
31937.0,1853.186904245653,0.4873199462890625,0.5113985944109611,138.53729248046875,109.70379638671876,71.40934364460216,1,5
16893.0,1045.6122650963196,0.6279458776299159,0.9506212005337256,154.67079162597656,160.19725036621094,45.1835764534952,1,0
23678.0,993.8904396893716,0.8014215603316974,0.7778787358330971,148.2814483642578,143.1713104248047,50.1209392969006,1,0
3617.0,351.50461735799473,0.8522620169651273,0.8242238789072335,140.50209045410156,133.36402893066406,42.21530473123118,1,3
19782.0,1718.3006486383877,0.4115334207077326,0.832791216540833,143.0389404296875,153.5269012451172,45.39058519384182,1,3
6066.0,862.6234123846127,0.4193860619469026,0.9897678346357096,143.25946044921875,151.46710205078125,51.93642225821615,1,5
28597.0,2124.866232540481,0.5927945108932237,0.7994322120618192,146.96229553222656,146.37696838378906,46.2453942724703,1,0
7622.0,941.730014102411,0.2530964635563673,0.9334373840576612,144.3723602294922,136.76641845703125,57.3664817755385,1,5
41277.0,3889.1700192404487,0.6931020586358599,0.6604114209216962,133.59654235839844,95.23762512207033,32.56267344698872,1,1
8415.0,1229.6965722375312,0.5220547180346176,0.9795800196331076,127.41041564941406,138.42515563964844,29.300501966381866,1,1
9717.0,902.1097397793776,0.4970078256866656,0.9752804616171696,132.40626525878906,108.7979736328125,58.03650485797255,1,2
13868.0,1533.5971131946694,0.7595990578956017,0.9647582817641992,128.01229858398438,145.44036865234375,28.08648862179336,1,1
4841.0,723.7899346259832,0.6365548980933596,0.9574595342631412,127.89569091796876,142.79769897460938,30.41002776080568,1,1
8735.0,1195.390006413483,0.5209948705713945,0.7460336478128032,128.8314208984375,137.79454040527344,27.26442963491689,1,1
21081.0,1449.999133448223,0.6488258286910221,0.8266480040888126,131.26419067382812,97.19677734375,44.80148863293204,1,2
16246.0,1323.9737008100567,0.3590276243093923,0.8362798019066505,128.43067932128906,111.52740478515624,63.7114608326316,1,2
23628.0,2200.0012254892763,0.4293892089337961,0.6154586369529069,129.97457885742188,83.255859375,52.47350227373809,1,2
35784.0,2895.810496099015,0.6673255879007143,0.6798229837912686,131.7432861328125,98.1846160888672,32.04989927462505,1,1
8995.0,1033.1747109368334,0.3900524695373141,0.971962454715852,131.81097412109375,108.554931640625,36.64497452756934,1,1
13100.0,893.239682094289,0.826237779880164,0.7157409789090259,137.9146270751953,159.83615112304688,49.44554041456771,1,5
8716.0,986.056961930742,0.5396904024767802,0.80237441524668,133.86570739746094,125.96466064453124,33.30023816426521,1,1
15707.0,1180.6021638285526,0.8011731701096659,0.8908304049209674,139.3880615234375,169.7068328857422,56.616187811280135,1,5
22623.0,1553.5737725975564,0.8213702211088116,0.7953692733938249,142.5097198486328,159.36753845214844,57.21326457231293,1,5
46933.0,2035.041810029092,0.8215123402765623,0.7093693886827134,149.46322631835938,109.01548767089844,51.99624711538518,1,0
16131.0,863.4001076812496,0.8090580800481493,0.7194329228345614,147.12478637695312,156.52700805664062,68.12833548299648,1,4
18190.0,1432.9280656363571,0.4004050276255255,0.7132879120046672,142.76315307617188,87.42875671386719,41.5058731164165,1,3
23818.0,2411.7535341682733,0.4449218239216931,0.7767493494784785,157.10107421875,153.24136352539062,84.30503559890512,1,4
8853.0,828.4751801064718,0.4432040050062578,0.9232925304718748,153.0679473876953,138.4810791015625,79.13806578096437,1,4
11891.0,677.4152595828997,0.6979515172859071,0.977953473858003,154.1015167236328,126.73918151855467,82.97046560309474,1,4
37958.0,1645.7331521639903,0.8031569370093735,0.7531479846464612,149.5120849609375,98.12338256835938,39.84274233177765,1,0
45940.0,1771.37276247078,0.8967576958363427,0.5484560129093836,156.65573120117188,100.13021850585938,45.27947009441597,1,0
44452.0,2179.925107043527,0.8792278175560743,0.5774035680728284,141.9416961669922,120.259521484375,38.616189955967634,1,3
59071.0,1480.6721856198917,0.9765254335355672,0.5307125904908946,155.54246520996094,73.8436279296875,36.78374544894172,1,0
32423.0,1655.75144212722,0.8146687102691023,0.5942874615721561,140.91661071777344,140.7886505126953,60.729893938123055,1,5
4866.0,711.3990616607231,0.6036471901749163,0.8980030482639223,128.81932067871094,118.70779418945312,45.00895598266536,1,2
27532.0,2064.007322143686,0.6183909078657742,0.8371614368129804,129.32284545898438,116.86955261230467,30.797502930631197,1,1
11437.0,1113.458982184295,0.5624846308955884,0.9614541614679136,133.02584838867188,187.1610565185547,48.64188866661576,1,2
19360.0,1295.9919907732865,0.7698425322093209,0.9328793223756326,147.14454650878906,139.50685119628906,46.03838913158667,1,0
51013.0,1276.3168465605645,0.9717872518764048,0.5936573712445751,142.8540496826172,94.27288818359376,52.67510615706605,1,5
22188.0,2239.985027567099,0.4250900452141926,0.6877434415189266,136.3961181640625,94.48512268066406,42.633495021261936,1,3
12372.0,2095.6835123769347,0.3390703793027845,0.7272156029419328,132.17835998535156,167.4990997314453,24.551827892105685,1,1
50333.0,1048.0142853498728,0.9640490327523464,0.5034896294335559,150.32896423339844,89.93594360351562,46.757191432791856,1,0
19451.0,1258.7138161802343,0.4492977917398134,0.904640616017002,149.0691680908203,106.10214233398438,41.17979787984882,1,0
19776.0,1225.5655839020933,0.6036630036630036,0.927423881302866,134.8170623779297,71.96849060058594,46.41149383127336,1,2
12656.0,859.4995667241114,0.5352279455298994,0.949577706957343,127.79348754882812,100.07168579101562,46.05415919547841,1,2
32014.0,3133.587191395652,0.6071882408724514,0.7866517178058127,139.7725067138672,93.07659912109376,29.28181937619668,1,3
29066.0,1960.0174234114525,0.5167748244288382,0.7621361635983762,131.69476318359375,106.46768188476562,43.785590870044416,1,2
7570.0,569.6406563273159,0.6514069357198176,0.9539873138469476,132.95115661621094,136.4939727783203,45.52148947562493,1,2
8951.0,656.5218613006979,0.7428832268238028,0.9880832626672847,137.7687225341797,142.91085815429688,53.67454018448223,1,5
17906.0,1509.1950929411162,0.5114830895795247,0.8872905342308682,131.3677215576172,130.41860961914062,52.88437114029944,1,2
10356.0,1223.2884553295685,0.5358861578266494,0.8765109380123732,127.48715209960938,125.52352905273438,60.35844999833063,1,2
18788.0,1661.7514421272203,0.4035050040805807,0.7438147910415706,129.39381408691406,130.1560821533203,46.48719269564604,1,2
26058.0,1890.9057710597708,0.6396798900235664,0.8154837757843801,129.91357421875,110.9024658203125,30.54043413903772,1,1
13392.0,986.3401871576772,0.6343612334801763,0.9656268178906576,139.55369567871094,175.9255828857422,33.334260360920226,1,3
34996.0,2193.534234078267,0.7088084580641241,0.7980736335702365,132.3685302734375,114.55055236816406,25.764863546411107,1,1
16824.0,1525.2367235014583,0.5565884804975684,0.8524226891455059,131.37059020996094,139.650390625,35.78112129640151,1,1
12840.0,682.5929291125633,0.9023190442726634,0.9578710549700172,131.12908935546875,126.58485412597656,50.34619392456254,1,2
15340.0,1118.5544366138004,0.5837804924458652,0.7107911921569875,128.6255645751953,138.46153259277344,44.295266747816775,1,2
10809.0,734.8477631085024,0.8282123975174316,0.9705257818969094,131.31784057617188,137.7562255859375,46.89752233278667,1,2
17694.0,1039.2579720575186,0.8698259758135877,0.8947638397852279,138.33624267578125,172.0911865234375,63.24593582980657,1,5
21243.0,1648.6397897755385,0.6559113224441906,0.8120201609352872,140.94056701660156,152.8087921142578,56.34500022052563,1,5
22542.0,1798.315980008787,0.8260168559912056,0.7193569031439319,142.7646484375,110.0332489013672,57.50039167558519,1,5
15268.0,1768.7058069535206,0.735559088500265,0.8353573026041481,144.09268188476562,89.82225036621094,48.86084033570283,1,0
31931.0,2529.50288425444,0.7802702636659091,0.676045345393341,144.1378936767578,111.89480590820312,57.995647510471485,1,5
39000.0,1730.7808793787428,0.8203100351260963,0.5228168665856988,142.6357421875,102.93646240234376,54.097808785712985,1,5
39816.0,2245.74238687998,0.8669032637331533,0.7558641943069964,146.40443420410156,94.66517639160156,41.972192327937336,1,0
27799.0,1845.0306627407988,0.7576104434088246,0.8944980205757351,139.29403686523438,146.01629638671875,42.90811552675949,1,3
28469.0,2173.0621920333747,0.6378893121218911,0.8069961654496746,140.42254638671875,141.18629455566406,48.30370601934607,1,3
22139.0,963.3635277547904,0.7281368196020391,0.8676906218549945,141.46937561035156,119.40907287597656,44.21164389703616,1,3
20870.0,1089.9726547895302,0.4725461338163704,0.9021907274703408,140.0954132080078,125.62200927734376,47.51061560073578,1,3
21650.0,1316.6437943888957,0.8487866075979142,0.8995596345750815,139.53164672851562,160.45895385742188,53.86547474351211,1,5
43901.0,1796.337228564847,0.8072262572400478,0.5086304331612193,145.55319213867188,103.48231506347656,34.694559859248805,1,3
22941.0,1973.2032816365788,0.6729736865264455,0.911070045921796,143.62506103515625,125.77377319335938,45.29137258912413,1,3
44938.0,2130.3504678941936,0.7849980784683646,0.7597308737175302,145.2914276123047,89.28643798828125,36.7991481551801,1,3
29509.0,996.2640687119284,0.9165139609280368,0.2184465659175989,143.4647216796875,106.79934692382812,55.86913830403868,1,5
12584.0,1338.619407771256,0.3723627755585145,0.9276340579435371,142.41818237304688,152.38427734375,45.7868573214574,1,3
43140.0,1508.0813485483814,0.841460560193493,0.687474421921817,143.54759216308594,119.74307250976562,52.16673198796853,1,5
37133.0,1794.9646455628167,0.8219447949177678,0.610078839049803,142.1808624267578,108.70396423339844,54.75702584104078,1,5
9324.0,1218.6742776609449,0.5364787111622554,0.7669184384223104,127.50358581542967,124.3844757080078,29.75212362866128,1,1
10996.0,1351.36056916196,0.2788951733583585,0.6383940251479167,132.187255859375,128.99774169921875,25.385291065564783,1,1
17471.0,880.9432175380073,0.6989797959591918,0.8614756088097286,127.89218139648438,92.62013244628906,53.10616386344544,1,2
15320.0,1621.7991693419726,0.3956305038349301,0.942365031068744,130.4259490966797,138.6688690185547,27.17047326599901,1,1
17536.0,1633.6681810065347,0.5340317324968785,0.9125293259828448,135.39401245117188,116.71176147460938,36.42003316610898,1,1
39103.0,2364.8367952889585,0.669457284711522,0.4665561806898289,135.34735107421875,134.0862274169922,23.268833088664564,1,1
27360.0,2407.7190462828667,0.614790014156349,0.8097576321110965,130.03651428222656,131.35867309570312,37.37083805969869,1,1
9515.0,1285.9686501761732,0.3634453781512605,0.9660109976552838,128.78038024902344,138.9445343017578,40.46014787351296,1,2
26453.0,1661.638743755012,0.6057476528509275,0.7924408220867756,142.08116149902344,135.99331665039062,53.53385857517373,1,5
19789.0,1353.2407281148155,0.6173644474948524,0.7330960562092651,130.2967529296875,91.7763214111328,53.51746922064813,1,2
16557.0,1424.141269071954,0.5325506593760051,0.8767893191302749,130.8671875,166.5815887451172,41.020616784896895,1,2
48276.0,1161.9970414071695,0.9614817765385382,0.5936934632859852,143.38494873046875,114.14421081542967,47.141689533723095,1,3
6260.0,510.0853531617383,0.8161668839634941,0.8216739825717705,137.6180419921875,129.46713256835938,37.860164670565936,1,3
16075.0,1000.9198769408944,0.5735131470976489,0.8870487005555837,138.57565307617188,101.4739990234375,58.53510648822121,1,5
10433.0,735.7077195258245,0.8104559931639866,0.7740994855079766,126.8339385986328,117.59034729003906,23.49716094010134,1,1
32345.0,3168.563850798539,0.6800025228104108,0.4379431282651936,144.23204040527344,130.25892639160156,40.9126583876626,1,3
12369.0,1244.364573775317,0.3190764865213465,0.800631320863323,139.443359375,101.86561584472656,44.88829209310801,1,3
9742.0,633.1848122046001,0.6814493564633464,0.882819389586796,139.19740295410156,123.20774841308594,50.14862990498423,1,5
8734.0,523.3269478283311,0.9398471968148068,0.7011031076796174,130.98312377929688,154.79385375976562,31.234288335020707,1,1
21059.0,1509.5189027078677,0.4684358038971439,0.8365408096621432,133.64878845214844,135.00735473632812,35.238537421757584,1,1
22469.0,2254.95454429505,0.5378704457317949,0.867194467106917,135.95425415039062,139.50146484375,30.66795414552448,1,1
17918.0,1237.6721856198917,0.5286325416728131,0.9264556165273236,133.16209411621094,135.93031311035156,36.00747370397865,1,1
11811.0,1013.6183617507296,0.6363685344827587,0.97854676208911,128.1020965576172,151.22586059570312,39.62788047515662,1,2
35588.0,1499.7310601229374,0.5528748310522146,0.7846271150143037,130.10279846191406,138.95945739746094,43.47208453058367,1,2
16252.0,1180.9015869776647,0.3840355395921453,0.8358982710353812,127.80921936035156,143.0316162109375,49.5108926623304,1,2
27532.0,2064.007322143686,0.6183909078657742,0.8371614368129804,129.32284545898438,116.86955261230467,30.797502930631197,1,1
21188.0,1434.6032098490791,0.7689627640270015,0.8414716857312544,143.2742462158203,77.60919189453125,26.511162878356703,1,3
27251.0,2615.9616869699867,0.4660999555297095,0.7184885857652369,131.06735229492188,129.32286071777344,32.18730750561608,1,1
39768.0,2656.8683245815346,0.8009828999577031,0.422406490503682,153.23133850097656,163.093017578125,46.82626914699175,1,0
8415.0,1229.6965722375312,0.5220547180346176,0.9795800196331076,127.41041564941406,138.42515563964844,29.300501966381866,1,1
29763.0,1681.1301217836606,0.7946335602723268,0.6312860272196814,141.37608337402344,150.8712615966797,57.91948603369946,1,5
19832.0,1011.3300858899108,0.9042082706424108,0.2180602505189368,139.32643127441406,157.57421875,49.505023030110976,1,5
24711.0,1200.1391770309008,0.8746327823593955,0.9207223539967044,138.43014526367188,168.98805236816406,28.545056341456384,1,1
28307.0,2462.1576464628797,0.7440986278323958,0.6600746465319849,156.31427001953125,141.3552703857422,58.51689057373583,1,4
7527.0,799.9076836320746,0.4228176609369733,0.9753036151817992,149.35325622558594,163.6419219970703,58.51825965062066,1,4
26147.0,1006.2569260369922,0.7872045762456721,0.9111230521845438,138.33172607421875,140.22872924804688,45.91170571024782,1,3
44154.0,1157.7310601229374,0.9462314896170412,0.6976959510817065,139.96339416503906,108.69949340820312,51.61157070324833,1,5
42209.0,2287.782971419796,0.7458211117786337,0.7414035870698426,146.52474975585938,138.4421844482422,68.12711141714439,1,4
35016.0,1295.4295449327724,0.7376448283126185,0.8235691022030701,139.33790588378906,134.17385864257812,39.67607268141069,1,3
18682.0,1077.6437943888957,0.7490177211129821,0.8993178964013686,146.29200744628906,124.05992126464844,46.44358435581175,1,0
28597.0,2124.866232540481,0.5927945108932237,0.7994322120618192,146.96229553222656,146.37696838378906,46.2453942724703,1,0
30723.0,1889.296644025031,0.6303964215364413,0.3686170785031696,140.14459228515625,175.4599151611328,47.83127060551775,1,3
41356.0,1037.0081886954629,0.949991960122206,0.7642543684030576,145.3558349609375,98.00993347167967,41.71319293757343,1,3
16613.0,1822.3027406794408,0.6624531461839062,0.9278387747382796,128.030029296875,169.4361572265625,35.60025826713481,1,1
18635.0,1850.6042558696056,0.3952028502958454,0.8598817589481236,134.9000244140625,92.09878540039062,37.9760525513124,1,1
15015.0,1257.2701653663385,0.6720225574005281,0.9456086636365212,130.5800018310547,141.73394775390625,45.83943338799562,1,2
21451.0,1261.5239533417507,0.6734584955418812,0.8690342864819138,131.8247833251953,138.0674285888672,62.36119472808032,1,5
31330.0,2335.6519830843586,0.478057861328125,0.390969178948608,130.14175415039062,107.6439208984375,48.790776038639,1,2
29873.0,2003.798123321446,0.4674887716937137,0.761059888092496,132.53111267089844,90.52354431152344,42.090096458198325,1,2
10489.0,811.3980156401965,0.4286823606342979,0.9098132557583176,125.633056640625,110.18704223632812,47.86483718864309,1,2
17110.0,1500.247870789752,0.4925441879210087,0.907007821881837,125.81617736816406,124.27000427246094,30.30487580216426,1,1
3708.0,331.09545442950497,0.8269402319357716,0.9234610817470964,125.657470703125,123.9091796875,34.49064387865851,1,1
22065.0,1129.547293938864,0.6545535449421537,0.9143554994916387,132.29945373535156,110.82801818847656,24.267429553265146,1,1
51809.0,1044.3929650063133,0.9703150166685396,0.4966538205764086,150.32467651367188,87.30555725097656,46.64353169506379,1,0
39753.0,2301.322076663197,0.7663524376843445,0.2808974041464969,143.01248168945312,116.58192443847656,55.19682641869746,1,5
15977.0,1323.891485709898,0.4465468570949439,0.9079896371780606,128.36685180664062,108.87834167480467,56.07029433274715,1,2
9240.0,868.9087296526012,0.74884512521274,0.9494978394493808,136.46664428710938,131.64378356933594,33.77510929324106,1,1
3393.0,343.7878425849301,0.8529411764705882,0.8492998875626163,140.38294982910156,85.32579040527344,30.43078325831063,1,3
40910.0,2348.611398544542,0.7401577652337531,0.7500953995963381,137.28024291992188,103.2388916015625,33.52873024671192,1,3
29027.0,2152.3149339882607,0.6297485518408436,0.8029698372998042,126.27923583984376,120.15168762207033,40.37307525598454,1,2
8720.0,522.5929291125633,0.8528117359413203,0.8814508451889722,125.9820556640625,125.13604736328124,46.27832251303148,1,2
5554.0,746.9777054234136,0.3416584645669291,0.9733527159076776,129.13174438476562,131.67373657226562,39.93946037830369,1,2
31188.0,1758.3016946589146,0.620237053535916,0.8276122192474177,132.77288818359375,95.6372528076172,40.747161154945736,1,2
19685.0,1945.1290757631336,0.3003692626953125,0.4042543992761518,129.0163116455078,109.79225158691406,45.869513787016245,1,2
18559.0,1151.553390593274,0.4802432397464096,0.8664876646718812,146.55026245117188,85.96759033203125,43.58444641121452,1,0
30591.0,1743.4133470105958,0.7165007612132568,0.8323928906448461,140.8984375,74.60203552246094,59.282034968794186,1,5
18467.0,1556.1950929411162,0.6479876486894277,0.7400459679707213,131.1918487548828,120.2118682861328,24.4619631584345,1,1
15879.0,1744.396103067893,0.3822304600052957,0.8426809623383149,135.7615509033203,123.53292846679688,44.86931858540938,1,2
19301.0,1471.2062402294096,0.7286695862277257,0.914167882656764,135.89598083496094,134.28726196289062,45.455960134357255,1,2
15398.0,1288.1107857999043,0.4859866178512814,0.885615021953733,138.0111541748047,89.91970825195312,38.95971829197279,1,3
49796.0,1046.1564209736036,0.9723692175509168,0.5324970791764948,149.55137634277344,87.50439453125,46.9843594352883,1,0
27157.0,2299.806312016909,0.5705971340925327,0.773668125418842,129.58445739746094,104.96873474121094,44.186914224111526,1,2
17764.0,1455.0702012600884,0.4948051586306788,0.8739980267616169,131.2717742919922,123.9835205078125,34.96964324537926,1,1
30709.0,2645.890619158121,0.533716847996107,0.7222876819079638,132.40164184570312,145.38973999023438,36.67963749380565,1,1
13446.0,988.4345955666556,0.5989309576837416,0.9093467611658246,133.2105712890625,135.46937561035156,50.89975553104495,1,2
43728.0,2592.239861563038,0.8383757045899,0.4911242841767603,140.2075958251953,141.398681640625,47.20621870387801,1,3
11531.0,780.0275246792191,0.8146813621591069,0.7314438103111204,126.31207275390624,113.48834228515624,25.74606076720272,1,1
25838.0,2009.2327188881025,0.5840415913200724,0.8256047952669939,138.01104736328125,99.52334594726562,53.0716183866279,1,5
40977.0,1522.1402230514277,0.7366784121961744,0.7313147195603125,141.2659912109375,129.95330810546875,63.37539063498988,1,5
23075.0,1679.0001794687491,0.7776953928077921,0.8298928651556988,137.4123077392578,89.55209350585938,44.31639769213818,1,3
26642.0,1629.804219975856,0.6839875741316013,0.8849332997193837,130.7379608154297,122.35774230957033,31.85271892389968,1,1
26990.0,1643.57272657703,0.5137038446897602,0.8383639889418288,130.53106689453125,135.74765014648438,29.096947438987407,1,1
10839.0,1009.097546470558,0.5921332969134117,0.9807774787162284,131.75350952148438,142.04884338378906,25.43760538128133,1,1
15585.0,911.8071785686864,0.694456822030122,0.9474192925105795,129.6016845703125,124.76188659667967,36.37681915723602,1,1
14126.0,1503.3067452927978,0.5684278298660014,0.9583618131353484,131.58290100097656,80.6177978515625,34.249190421142394,1,1
14766.0,945.5889244992064,0.8186505516438433,0.8014262284869397,131.56817626953125,96.24264526367188,56.22787903729725,1,2
21569.0,2294.9911242215094,0.4937166662851649,0.7987022654156284,140.17869567871094,163.8198699951172,41.79886946554209,1,3
13323.0,1070.2396820942888,0.4585599229021821,0.9442727730480044,132.51300048828125,88.44644165039062,44.02384746988523,1,2
17663.0,1099.8437584951455,0.5066402776582624,0.9085926050053258,132.492431640625,101.34469604492188,55.68060207992583,1,2
13879.0,910.428498912246,0.5176992800925062,0.9681235043072318,130.45950317382812,109.93296813964844,53.00034873818427,1,2
18421.0,1593.0468606629754,0.6618878229312637,0.9137507870577968,130.58656311035156,118.92051696777344,34.87491246008083,1,1
11378.0,1147.122979108724,0.7317512380217377,0.8205089550345891,133.93629455566406,145.47134399414062,42.79720386758038,1,2
28084.0,2184.5819612930195,0.7196228155588582,0.6857249032438653,145.14535522460938,92.46595764160156,39.71417791310009,1,3
26278.0,1831.999133448223,0.4288115402816533,0.6979334269244678,131.2503204345703,88.92387390136719,54.29648273541205,1,2
28641.0,1727.8813844421315,0.6249399956360463,0.7836726172650673,142.4439697265625,97.89703369140624,43.5832858561016,1,3
20060.0,867.8843430349616,0.5955172925634555,0.8137588718236414,130.47621154785156,70.85665893554688,43.39764296791115,1,2
12217.0,708.2264427649427,0.6678876011371091,0.8598493187529053,126.4800262451172,104.07904052734376,45.726559925131774,1,2
26903.0,2773.4185771132284,0.5067146328141187,0.6560369877536417,138.69700622558594,130.60975646972656,34.26648387645598,1,3
18588.0,1472.3300858899104,0.3862923169641929,0.8334815628646891,137.00318908691406,138.52011108398438,50.05362893130201,1,5
10460.0,895.9737008100567,0.7359977483816493,0.8282721671566771,139.61935424804688,142.56488037109375,47.77798352155138,1,3
43184.0,2034.135172417544,0.6601947684640198,0.4588933686093595,141.29861450195312,114.7943878173828,52.877511438238784,1,5
28681.0,2586.558620695906,0.8232676961938113,0.8265480999081775,124.8603973388672,112.52716064453124,43.39957405200224,1,2
5946.0,636.3858223313767,0.4897454904867803,0.9616185066833178,132.5226593017578,140.95443725585938,43.33534540323556,1,2
22284.0,2663.619587240005,0.4100167436383374,0.9072862675136,129.77845764160156,100.85635375976562,32.163262303852285,1,1
23560.0,1274.5067093990478,0.7029268729301549,0.8161449373012923,138.7050323486328,144.7440948486328,32.63272411532949,1,3
9330.0,1328.3483758531404,0.5741538461538461,0.9579662238064752,125.52284240722656,148.42999267578125,27.06265872761934,1,1
17310.0,1337.6021638285529,0.563109954456734,0.9358115541266756,128.76080322265625,135.5668487548828,41.94592328660187,1,2
16164.0,1172.6782822743014,0.6153260497163957,0.9148868976117048,131.42855834960938,71.91770935058594,34.34646165368245,1,1
40910.0,1389.098592491085,0.8684668619708742,0.71320635626216,143.78094482421875,86.66534423828125,43.86763139261112,1,3
27814.0,3057.314067436484,0.5233507695781432,0.7524859533487479,130.77890014648438,145.7490997314453,30.43214456066345,1,1
20383.0,1826.7524881477464,0.7865936016671169,0.9358100531307552,129.55438232421875,159.667236328125,39.49921573538442,1,2
20957.0,1454.7798333582166,0.7782605466428996,0.9273218202575128,128.58335876464844,138.48175048828125,52.773635903256334,1,2
12546.0,1483.444876303172,0.5610661419435624,0.4103908339918361,140.46414184570312,165.90196228027344,40.74756357206679,1,3
16311.0,1410.5798692519663,0.7194653963212915,0.9116224446191252,140.2644500732422,166.06170654296875,38.52555350077807,1,3
3674.0,313.9655121145938,0.7759239704329461,0.639063920972872,137.65406799316406,177.27450561523438,38.79783399621651,1,3
33405.0,2702.223663640862,0.6038939908887121,0.6424090302717554,138.48684692382812,150.8509521484375,41.26358030589071,1,3
12731.0,1263.4844148224613,0.6082947106885184,0.921411886611504,139.39749145507812,152.2548065185547,38.163283908956686,1,3
19050.0,1823.8296526140216,0.6008705526116578,0.5605811285979757,138.49404907226562,163.942626953125,39.60792174853,1,3
9807.0,1111.2752160002217,0.2545950155763239,0.8933967096193965,140.09213256835938,128.10142517089844,57.31690238963068,1,5
21645.0,1806.941304965704,0.4779200706557739,0.7362438191819362,139.31771850585938,134.86683654785156,42.00512334210243,1,3
47125.0,961.3452377915607,0.985116123502728,0.6334937802200926,150.52174377441406,108.31594848632812,64.03313390859115,1,4
16876.0,931.3940110268396,0.6964057277266538,0.868245516925644,143.45260620117188,105.89907836914062,50.86928694847727,1,5
17572.0,1482.827560572969,0.7654977129165759,0.9258192079191256,126.54489135742188,116.29507446289062,48.43110688972786,1,2
30792.0,2633.014464818622,0.4806518583269594,0.7752567830460512,140.45513916015625,174.18115234375,40.48280519006246,1,3
12475.0,1483.3717164502534,0.4968338046118921,0.9527799046731492,134.2966766357422,138.08851623535156,53.7930839164265,1,2
15358.0,1253.8397538817887,0.7067323178868897,0.8841808614443808,148.35089111328125,85.79629516601562,51.15481074247535,1,0
21895.0,1852.2083322704625,0.7093335925098001,0.8316347582668775,144.5298309326172,105.46572875976562,60.5200918706075,1,5
15466.0,1131.9097756731278,0.7380577427821522,0.8289090843455814,145.51856994628906,109.1899871826172,57.73949900344872,1,5
7615.0,733.3624817342637,0.622140522875817,0.9848092045157671,144.90567016601562,129.28384399414062,46.40289059407258,1,0
32542.0,1313.2173875177027,0.8411176303342035,0.5905511809776264,135.8277130126953,81.78756713867188,51.390450711782265,1,5
39768.0,2656.8683245815346,0.8009828999577031,0.422406490503682,153.23133850097656,163.093017578125,46.82626914699175,1,0
39235.0,1795.1128778409577,0.8056799047188796,0.6294113410084909,137.0467071533203,60.6611328125,32.84409182421736,1,1
14892.0,2239.2976900455574,0.4425031199857372,0.9056619095756328,134.12437438964844,154.72885131835938,26.26624158490683,1,1
4841.0,723.7899346259832,0.6365548980933596,0.9574595342631412,127.89569091796876,142.79769897460938,30.41002776080568,1,1
16893.0,1045.6122650963196,0.6279458776299159,0.9506212005337256,154.67079162597656,160.19725036621094,45.1835764534952,1,0
32423.0,1655.75144212722,0.8146687102691023,0.5942874615721561,140.91661071777344,140.7886505126953,60.729893938123055,1,5
21081.0,1449.999133448223,0.6488258286910221,0.8266480040888126,131.26419067382812,97.19677734375,44.80148863293204,1,2
17694.0,1039.2579720575186,0.8698259758135877,0.8947638397852279,138.33624267578125,172.0911865234375,63.24593582980657,1,5
10433.0,735.7077195258245,0.8104559931639866,0.7740994855079766,126.8339385986328,117.59034729003906,23.49716094010134,1,1
4866.0,711.3990616607231,0.6036471901749163,0.8980030482639223,128.81932067871094,118.70779418945312,45.00895598266536,1,2
22542.0,1798.315980008787,0.8260168559912056,0.7193569031439319,142.7646484375,110.0332489013672,57.50039167558519,1,5
8615.0,729.6173157302029,0.715769358590894,0.9807372802373244,138.3980712890625,184.53204345703125,38.02391270037679,1,3
27532.0,2064.007322143686,0.6183909078657742,0.8371614368129804,129.32284545898438,116.86955261230467,30.797502930631197,1,1
32345.0,3168.563850798539,0.6800025228104108,0.4379431282651936,144.23204040527344,130.25892639160156,40.9126583876626,1,3
17536.0,1633.6681810065347,0.5340317324968785,0.9125293259828448,135.39401245117188,116.71176147460938,36.42003316610898,1,1
8415.0,1229.6965722375312,0.5220547180346176,0.9795800196331076,127.41041564941406,138.42515563964844,29.300501966381866,1,1
17918.0,1237.6721856198917,0.5286325416728131,0.9264556165273236,133.16209411621094,135.93031311035156,36.00747370397865,1,1
7527.0,799.9076836320746,0.4228176609369733,0.9753036151817992,149.35325622558594,163.6419219970703,58.51825965062066,1,4
3708.0,331.09545442950497,0.8269402319357716,0.9234610817470964,125.657470703125,123.9091796875,34.49064387865851,1,1
8720.0,522.5929291125633,0.8528117359413203,0.8814508451889722,125.9820556640625,125.13604736328124,46.27832251303148,1,2
15977.0,1323.891485709898,0.4465468570949439,0.9079896371780606,128.36685180664062,108.87834167480467,56.07029433274715,1,2
13879.0,910.428498912246,0.5176992800925062,0.9681235043072318,130.45950317382812,109.93296813964844,53.00034873818427,1,2
11464.0,1085.300648638388,0.6809218341648847,0.9393366003834116,140.85826110839844,168.65176391601562,41.17523200085839,1,3
26255.0,1746.615403157899,0.7227605571766779,0.7247900578349132,133.56826782226562,144.1910858154297,35.290749096200656,1,1
17764.0,1455.0702012600884,0.4948051586306788,0.8739980267616169,131.2717742919922,123.9835205078125,34.96964324537926,1,1
11799.0,1295.5249993622774,0.4136806675548699,0.8925756137639064,131.89015197753906,123.10079956054688,28.09914027079433,1,1
10803.0,757.0914498161483,0.7446236559139785,0.8430227327276373,130.87216186523438,99.05299377441406,43.43934738673799,1,2
11456.0,1698.8246019801388,0.6697848456501403,0.6938850038044992,132.44430541992188,181.80319213867188,47.86281674480743,1,2
14500.0,670.3675323681471,0.7995147772386414,0.9747291963134428,128.56178283691406,134.30349731445312,43.29616411902015,1,2
19234.0,1146.38181771802,0.6222984340623787,0.9090376044273688,130.17724609375,123.49801635742188,37.23979200695389,1,1
30289.0,2230.399241129473,0.5735683987274656,0.741155067871714,131.91580200195312,92.98265075683594,46.89738004540141,1,2
23346.0,1949.6458864299484,0.4876958429078755,0.8615521010757125,132.94134521484375,89.9637451171875,41.192813387406645,1,2
13918.0,2143.008368164212,0.421463828240923,0.8596128770559472,129.32984924316406,88.12696838378906,31.01198584611475,1,1
26429.0,2510.7240969167506,0.4086937696197442,0.3462447021601983,129.81964111328125,95.37416076660156,34.55115757220219,1,1
28993.0,1024.7483040656405,0.844022008092923,0.8880006009255664,149.00965881347656,147.9678955078125,44.610260291842295,1,0
13116.0,863.5107140124046,0.6951083788224072,0.9760195303261842,130.43333435058594,101.58876037597656,41.42828411840813,1,2
9636.0,816.8599564173221,0.6411177644710578,0.9824771543915596,130.03964233398438,105.63873291015624,39.69329492103863,1,2
58404.0,1354.103643124968,0.9664096369593276,0.4436460513168348,140.20660400390625,83.01882934570312,38.81226681046408,1,3
10883.0,850.3685783886737,0.4543670674682699,0.9679971920528564,126.67892456054688,140.30130004882812,63.294694101229,1,2
17469.0,1522.4488809165289,0.431493145609485,0.8610336451397386,133.53294372558594,100.18310546875,41.73387957423002,1,2
51379.0,1986.1961389616429,0.9082375817571152,0.4819539498817056,149.99627685546875,122.41017150878906,36.74918929410082,1,0
30629.0,1332.4366876077088,0.727979274611399,0.7289783358497355,149.11029052734375,84.56201171875,39.67846163075264,1,0
36026.0,3712.760856311959,0.6337919144294711,0.7489913361860581,126.54734802246094,99.45407104492188,27.58455153050294,1,1
26632.0,2991.0775234037737,0.5157042717168197,0.7936045508967049,127.98454284667967,106.40646362304688,25.944376524500303,1,1
19473.0,2045.2550134646883,0.3760863687280312,0.7717175393847486,130.45120239257812,111.88821411132812,52.48597104071864,1,2
34601.0,2173.747437513864,0.6647007972336951,0.7673878120588902,140.58737182617188,161.55345153808594,31.42467533501027,1,3
22620.0,881.8071785686863,0.7594171758544283,0.8313181667490422,131.21327209472656,77.99684143066406,47.34834413792608,1,2
28169.0,1809.5209947489209,0.759702257342431,0.7525238418430836,133.54408264160156,149.80908203125,33.51687415447157,1,1
5926.0,898.1219330881976,0.5782027514879501,0.7850342145734593,141.47598266601562,138.01502990722656,53.0352668943438,1,5
21865.0,2947.479543657327,0.4424948900087022,0.8422597964569836,144.02236938476562,137.56346130371094,51.24099843631895,1,5
8512.0,841.0914498161483,0.4471527631855432,0.9490796010911609,141.37127685546875,145.59005737304688,57.834224375256014,1,5
23621.0,2391.156600442353,0.423839514812223,0.7488650996938347,139.85121154785156,94.93299865722656,45.65923976442753,1,3
41423.0,1663.135172417544,0.71913682054131,0.7507286831507238,139.01425170898438,72.21640014648438,50.64366639634312,1,5
25518.0,1574.5615792887363,0.670414838557129,0.8707687530085431,150.95811462402344,128.5361328125,58.365055149351406,1,4
38659.0,1092.0924958366747,0.9153525595491784,0.6192355826543617,147.52560424804688,121.58416748046876,68.87071953021855,1,4
23997.0,1304.405158315133,0.4494746108748993,0.7665021050692548,143.046630859375,114.52622985839844,63.99797739944713,1,5
17297.0,2191.5992052357224,0.3647078668269129,0.8123516501434113,131.42010498046875,121.60252380371094,38.57544310200839,1,1
21417.0,1773.7930726875627,0.5626132870990622,0.8616262691676634,135.34786987304688,140.72598266601562,49.42604919971957,1,2
20809.0,1927.2306268470488,0.3841212412087202,0.8155260007746437,133.635986328125,78.31489562988281,42.37501346680752,1,2
34061.0,2816.9271990845805,0.5476749421147414,0.6503280734599918,139.66368103027344,126.5033721923828,30.084685606870504,1,3
10095.0,1066.1919548795363,0.2850326114577745,0.9176564621820184,127.4857940673828,122.90420532226562,50.68507682279299,1,2
40006.0,2737.6429278371183,0.807044441306409,0.5406057445961021,140.60023498535156,146.4267578125,48.84063207194599,1,5
32197.0,2427.0865786510144,0.7675089392133492,0.6814549703139361,161.27890014648438,111.71827697753906,58.04823396368154,1,4
21620.0,1031.2274887854694,0.7231978591737749,0.9014862163567828,152.3513946533203,148.11412048339844,47.25867121703366,1,0
47902.0,1303.38791437243,0.9633383609854198,0.6238895745444503,154.11679077148438,95.97044372558594,56.30616389323539,1,4
46400.0,2532.470308941338,0.7665240447359292,0.583365150101765,139.70237731933594,132.18228149414062,33.68139646693493,1,3
9066.0,1138.134126397017,0.5426792769065006,0.9698498156530744,129.76260375976562,164.91363525390625,30.58989191207751,1,1
15703.0,2545.8876605652904,0.5990996146655985,0.4676285151224393,139.96136474609375,176.60182189941406,44.851555018330494,1,3
14118.0,1610.2083322704625,0.4203286888174348,0.7562661758383686,141.18218994140625,144.4971466064453,40.74715437363688,1,3
25378.0,2568.54851942814,0.5095370035738666,0.6636649696955936,138.83340454101562,129.7644805908203,35.736681450005825,1,3
11984.0,938.7594513539336,0.3640893209782774,0.923427921577396,134.4417266845703,137.81509399414062,40.28915953724525,1,2
35294.0,2105.93625433182,0.6614813704175725,0.7915723548349703,138.10403442382812,85.567626953125,63.392568166623896,1,5
42771.0,2083.492603517924,0.8772818640521803,0.581633560460906,142.20265197753906,127.84327697753906,39.00916890205871,1,3
48292.0,1110.813275223096,0.9641431081296916,0.60398613872045,143.64093017578125,117.8282470703125,49.20359945881027,1,0
27970.0,2024.2560594852148,0.518116478956728,0.8330044193225052,133.05911254882812,135.4052276611328,30.14418700005548,1,1
31570.0,1839.959594928933,0.8285436842243393,0.7072365713306347,142.0628204345703,138.3809356689453,65.72289453889627,1,5
22906.0,1881.304832720494,0.7249192986897905,0.4004248457587078,154.0164031982422,126.71432495117188,40.362637633855336,1,0
40039.0,2564.004363550856,0.8172725602661713,0.4150493629432713,154.09580993652344,162.67715454101562,46.995493696887735,1,0
8248.0,1107.4133470105958,0.5903235041511594,0.7149353119419094,147.27423095703125,163.5474090576172,40.64151877615308,1,0
50126.0,944.918830920368,0.9752899058292476,0.5625223576857863,148.98072814941406,96.56672668457033,44.16433503751863,1,0
33206.0,2477.589103967956,0.7551280301996635,0.7141122544465369,147.24774169921875,143.44749450683594,51.68020150760041,1,0
13823.0,1632.876333808248,0.4514517129886671,0.7189313008972842,128.9151153564453,136.5291748046875,36.6154740156685,1,1
5334.0,572.4335495461293,0.6660007491571982,0.921321611425471,129.52488708496094,145.26600646972656,38.36995978118144,1,1
24402.0,1173.4183976444792,0.792967861436974,0.8430782493622265,142.9099578857422,113.12010192871094,45.609829496366736,1,3
8553.0,681.6112190757929,0.595529870491575,0.9219312136279936,132.45791625976562,124.94685363769533,37.33930262161793,1,1
9116.0,1029.796031280393,0.360786797007955,0.9627963971724512,127.86985778808594,125.33779907226562,50.14414647421921,1,2
13664.0,908.3929650063131,0.4290648747095396,0.944051340159244,128.48953247070312,117.41943359375,61.91915623422406,1,2
9763.0,1208.4255403194154,0.5424190232790711,0.8290367254804433,126.54006958007812,136.76974487304688,30.55614852132436,1,1
16926.0,1583.16060505571,0.6768234165067178,0.8844238458706003,139.40237426757812,162.7563018798828,40.60169517133959,1,3
40910.0,1389.098592491085,0.8684668619708742,0.71320635626216,143.78094482421875,86.66534423828125,43.86763139261112,1,3
43709.0,2238.5525240414963,0.8755283136029486,0.5679295539962403,142.60983276367188,121.97468566894533,39.15687804220771,1,3
16786.0,963.8731957466684,0.6409316533027873,0.7059038512334068,140.29638671875,144.05250549316406,59.14326140111691,1,5
24466.0,1970.4865068635145,0.7413040843534117,0.7635394605341597,145.60179138183594,148.13038635253906,48.29485706253096,1,0
32083.0,3047.7728701520296,0.4897719292889201,0.3865074694438966,129.97857666015625,103.54396057128906,31.274346724566826,1,1
9839.0,1427.2672067735082,0.6866494521599553,0.6331655379160332,150.4888153076172,159.71498107910156,44.50196569902858,1,0
22886.0,1734.0519112968584,0.453583320120501,0.7778572414599625,131.3872833251953,142.75839233398438,54.37952144980117,1,2
9201.0,610.6538956566621,0.825646087580761,0.6883277790155804,126.79647827148438,116.4776611328125,22.91802590760264,1,1
31272.0,2048.782971419796,0.7913355939065743,0.7528576042281543,143.12799072265625,89.756103515625,39.13843272120248,1,3
24412.0,2434.1870837144024,0.5225730493417532,0.6612862773569463,138.50253295898438,130.4128875732422,36.43677545384293,1,3
22972.0,1104.0153313703995,0.7429495472186287,0.8882042410672145,135.6571044921875,88.49247741699219,39.932495836746135,1,3
38387.0,2461.700756319637,0.71788973668462,0.7575299856425762,138.58544921875,105.10121154785156,34.4788737630236,1,3
23549.0,1886.869191133312,0.3890403264443012,0.692945672838272,136.2705841064453,82.28567504882812,51.52218347137912,1,5
18853.0,1375.7859300126263,0.3845353675450763,0.8273867822692144,136.14559936523438,92.32330322265624,54.70904707294377,1,5
16620.0,978.6244584051392,0.6187869987713616,0.9451177035186178,140.43612670898438,120.52088928222656,46.88995692070519,1,3
17827.0,1539.0468606629752,0.6819033775771717,0.8081681481807775,133.5018310546875,81.43161010742188,37.21699898100141,1,1
9943.0,1098.8082245892128,0.5227655099894848,0.9357307982779772,137.8717498779297,128.71841430664062,40.01316164722816,1,3
24068.0,2153.865186519955,0.4543875547500378,0.8287477073213833,142.06675720214844,92.4461669921875,46.526862388928095,1,3
17895.0,1689.6437943888957,0.5361155217352227,0.9294698372254796,137.13388061523438,113.29719543457033,50.90750639985573,1,5
15251.0,1529.4499269370551,0.5403940188505422,0.5315491903005816,137.302490234375,139.3134002685547,53.90266948083896,1,5
18536.0,1641.7209588551707,0.5473174476629167,0.913778812584536,132.7120361328125,119.17080688476562,25.66005979897203,1,1
21207.0,1829.9047250392443,0.3942481084196241,0.8092386882740498,130.91700744628906,125.35774230957033,32.17803205911498,1,1
41356.0,1037.0081886954629,0.949991960122206,0.7642543684030576,145.3558349609375,98.00993347167967,41.71319293757343,1,3
24843.0,1824.9707422172264,0.6491507708387771,0.848882800183843,129.55767822265625,94.1432647705078,30.606348702152413,1,1
11673.0,826.9015869776648,0.5731330092797172,0.8589542556668256,136.98965454101562,121.5790557861328,56.71840655778311,1,5
19390.0,1550.1046891454944,0.4095988508418006,0.7928860529376204,137.42929077148438,98.42234802246094,55.0327743442427,1,5
17137.0,1603.5148980945107,0.6002241602745964,0.8861863446405956,142.0413360595703,82.50100708007812,42.42359972815992,1,3
27102.0,2502.086578651014,0.5763807660407052,0.7635816202889321,151.58383178710938,112.83216857910156,57.72661007290584,1,4
7590.0,742.4335495461291,0.6777390838467721,0.9923765140408806,129.94049072265625,144.93214416503906,36.139207712923415,1,1
26328.0,1990.1179284748405,0.4017333984375,0.4971462605601937,125.87265014648438,135.05455017089844,18.75983210205527,1,1
11286.0,792.5523445727472,0.5983458806065104,0.9653126684463692,131.9119415283203,156.15899658203125,63.2091214999742,1,5
9307.0,819.6173157302028,0.5114017253695258,0.9799767763938276,128.53701782226562,90.6077117919922,38.88841237618,1,1
7280.0,846.3574311003804,0.6175248112647383,0.9841732828596228,134.3884735107422,130.41859436035156,57.54779366101763,1,5
27994.0,2960.667314454758,0.5479564672721579,0.7760837906144558,133.9988250732422,170.76454162597656,39.38177276858564,1,1
32756.0,2296.095633898254,0.5481808749205074,0.7629976952187119,141.41378784179688,127.60731506347656,35.59290249738156,1,3
17699.0,1096.3229432149744,0.7853656372026979,0.9231483251015844,141.26283264160156,133.1331024169922,38.65014473329401,1,3
9762.0,775.8488091290288,0.8008860447944869,0.7901202759311404,127.29957580566406,131.5032196044922,39.27089460683796,1,2
14655.0,1647.3027406794408,0.6502351583991481,0.6511561626338538,137.6407012939453,119.92755126953124,62.829740502929305,1,5
25372.0,2982.119153964117,0.4746866230121609,0.6798182978148525,151.09523010253906,115.20628356933594,54.05053070297186,1,0
38552.0,3074.9425304549795,0.7205577257350055,0.4845686946944602,145.82492065429688,103.46697998046876,51.87382163330866,1,0
22450.0,1376.2295808265226,0.7995583731034974,0.9246416640097648,136.92037963867188,123.79158020019533,34.57345972763973,1,3
27388.0,2731.7495295549165,0.504448087230398,0.784924830793952,138.31044006347656,63.64707946777344,39.26977632954696,1,3
7683.0,828.7178207935912,0.3759725960362123,0.9795781161722136,135.71163940429688,140.1148223876953,53.46281602343515,1,5
21928.0,2557.713995648984,0.6108588461431317,0.6328178502474491,143.88902282714844,95.59831237792967,40.31100729640595,1,3
20577.0,1171.8143212436228,0.8073844463627089,0.897105993802291,137.9257354736328,122.2293701171875,47.647359300756506,1,3
10563.0,1224.2234841721124,0.651192898095062,0.9603900373258168,139.49722290039062,177.03236389160156,37.65651379821831,1,3
16356.0,2096.540330732677,0.6883838383838384,0.9424407184547552,141.50860595703125,115.45704650878906,41.60747472924149,1,3
9186.0,740.5046173579948,0.5472417490766115,0.9830674904501844,131.29273986816406,143.740234375,49.07031896030392,1,2
25871.0,3205.6937931134503,0.6776060764798324,0.6516147954881663,138.6535186767578,105.96882629394533,37.94527229381167,1,3
26061.0,3285.882609931407,0.4535739770611066,0.7749253685896561,154.26597595214844,126.31491088867188,57.28175377042695,1,4
18185.0,2099.286542757264,0.5434360338284075,0.8713151123042685,132.38352966308594,132.05599975585938,32.28897008806344,1,1
21411.0,2039.7240969167503,0.6579295086500937,0.726116092072302,134.92822265625,107.4525146484375,42.1202274401824,1,2
18304.0,1928.905771059771,0.6899879372738239,0.9369335720393897,134.65536499023438,119.33642578125,65.50242283393055,1,5
32318.0,2620.7535341682733,0.493133544921875,0.5800289669382133,128.8896484375,98.51934814453124,23.176525056406447,1,1
11634.0,1003.9198769408944,0.7661508067171551,0.9431146406853268,136.99765014648438,118.61227416992188,61.941152017158295,1,5
21275.0,1580.9291116568838,0.6666771120581599,0.8340741669811369,126.2411651611328,121.27203369140624,21.88498404300866,1,1
7974.0,1000.7665940288704,0.4849774966549081,0.9417711886703792,133.7488250732422,175.65650939941406,45.25288050062467,1,2
28551.0,2472.3414126469534,0.7849072164948454,0.7909311110746043,141.1056671142578,90.57589721679688,46.56555124741256,1,3
4459.0,501.21424945612296,0.6356379187455452,0.9550640026224488,130.99855041503906,137.72088623046875,30.3566837104399,1,1
16075.0,1208.7848839921,0.7219527530764395,0.8773998853681972,141.0185089111328,130.7242889404297,56.13026404620625,1,5
19407.0,1770.9829355260465,0.4945844695328627,0.6601053762434832,134.98416137695312,126.98582458496094,29.041230296896224,1,1
15418.0,1155.7554467405769,0.4054807490006312,0.7765168196594783,142.55484008789062,161.63096618652344,40.53032574061473,1,3
23240.0,1314.212336883819,0.7705570291777188,0.775806105542401,141.3680419921875,162.65219116210938,31.58191858419106,1,3
21331.0,1456.4427842621187,0.6759300335889473,0.8728850108895598,138.7102508544922,198.59158325195312,24.515671388261257,1,1
24711.0,1200.1391770309008,0.8746327823593955,0.9207223539967044,138.43014526367188,168.98805236816406,28.545056341456384,1,1
14154.0,1754.4743135546948,0.5305097451274363,0.9278700146853024,141.5424041748047,137.3594512939453,31.495726176268523,1,3
29115.0,1885.9474016201132,0.6492941727436944,0.8446052680849369,137.5092010498047,162.48202514648438,30.06475658601621,1,1
19832.0,1011.3300858899108,0.9042082706424108,0.2180602505189368,139.32643127441406,157.57421875,49.505023030110976,1,5
3735.0,543.475180106472,0.6591951994352276,0.5580628901671892,141.2216339111328,165.21998596191406,39.41994102310701,1,3
33348.0,2347.7890680742057,0.6688193177032149,0.6017183308014239,140.7027587890625,120.94200134277344,47.5374378834574,1,3
9514.0,843.3158005400378,0.5199475352497541,0.9763119750901064,135.61724853515625,180.83074951171875,47.46831975217859,1,2
31603.0,2348.2327188881018,0.6314285714285715,0.8107661044072866,146.9105682373047,162.20494079589844,33.128960772656384,1,3
27929.0,2882.9322497184635,0.670354991239229,0.8297279407865233,150.27337646484375,149.5865020751953,38.4388980727196,1,0
26424.0,1996.37276247078,0.6745462435861436,0.8643220888355803,144.84828186035156,158.48316955566406,30.176053475413905,1,3
20751.0,1171.6904755831213,0.8888460549987149,0.6833907546584168,143.63697814941406,158.39881896972656,34.94461562411116,1,3
22433.0,1030.210244842766,0.814797326747058,0.8653384322532023,141.26162719726562,153.6428985595703,31.73607530527635,1,3
41480.0,3559.764860925316,0.6992582602832097,0.6371982208802027,156.83607482910156,136.75369262695312,38.31881071063879,1,0
17298.0,1208.2173875177025,0.6788054781619118,0.923703281772626,142.24932861328125,174.58840942382812,40.06221065153101,1,3
28136.0,2041.1677477306464,0.5830691120091183,0.8112103858827773,143.36639404296875,153.84967041015625,42.19907631898031,1,3
20451.0,1689.1189744953672,0.5270197139543873,0.6143444893491834,144.63339233398438,124.99620056152344,34.40289672332043,1,3
41140.0,1901.16060505571,0.8309768118283913,0.374747730025031,140.85401916503906,129.82675170898438,59.83994653038828,1,5
6005.0,451.3319984622144,0.9489570164348924,0.975273449591045,147.2866973876953,122.19290161132812,50.558455842051984,1,0
12352.0,1487.780879378743,0.454585602826439,0.8621507914630024,145.57977294921875,146.68409729003906,64.65793331283643,1,4
4075.0,561.9970414071697,0.5754836887445276,0.9200461181557767,150.83900451660156,151.69281005859375,61.46969273993921,1,4
39333.0,1956.403245742829,0.751289299766971,0.7627233446733843,146.11253356933594,133.96316528320312,67.17055250596803,1,4
15412.0,787.3269478283311,0.7081744244819188,0.969516321201174,147.8227081298828,162.58238220214844,49.5010998909376,1,0
7527.0,799.9076836320746,0.4228176609369733,0.9753036151817992,149.35325622558594,163.6419219970703,58.51825965062066,1,4
8684.0,1092.9980874276962,0.3379382807331595,0.936594005473262,145.1597900390625,172.43980407714844,56.92564916888222,1,5
11181.0,1298.2773080412749,0.506844968268359,0.8323589198014492,141.8501739501953,180.6273193359375,47.23891179694587,1,3
24361.0,1366.6316010800756,0.5404428077025468,0.8600467455123564,140.84217834472656,151.77589416503906,40.18785064174956,1,3
23812.0,2126.085532630488,0.4755931932571702,0.8060547711568451,152.92660522460938,156.22743225097656,67.21130253283937,1,4
8495.0,610.9421715174808,0.6651268399624178,0.923902019800306,137.9750213623047,110.15379333496094,50.46604643612685,1,5
9651.0,889.4284989122459,0.5209435388103206,0.959622379881786,152.9447021484375,152.38128662109375,56.22820968866114,1,4
45167.0,1424.4417382415922,0.7999822883457315,0.7494175952951591,152.40798950195312,145.05099487304688,60.76518471425088,1,4
32659.0,2165.3210306426704,0.6966213045518536,0.7940862868545795,155.72679138183594,143.06353759765625,64.44802822883979,1,4
40632.0,2082.302740679441,0.7922784439894706,0.7325944589128771,152.1508331298828,123.15293884277344,63.17390166422913,1,4
42744.0,3712.70598642227,0.7258647918895512,0.5292059360475011,151.60324096679688,159.6307830810547,60.37224924360935,1,4
18341.0,1723.3361825443203,0.3298029202330432,0.7169093220198219,151.3359832763672,163.08372497558594,67.69114251754395,1,4
13587.0,794.8244225113892,0.8172631578947368,0.9598049256811276,151.49034118652344,171.2581787109375,64.00153036844243,1,4
28307.0,2462.1576464628797,0.7440986278323958,0.6600746465319849,156.31427001953125,141.3552703857422,58.51689057373583,1,4
34774.0,2256.5230867899736,0.6143382093138294,0.7532160263366048,149.7279815673828,134.61029052734375,54.54469108439354,1,0
40028.0,3698.6847378662105,0.6602556701030928,0.4422378693603505,150.4460906982422,105.51608276367188,48.48050415982991,1,0
44524.0,1085.3158005400378,0.9409725891328696,0.7277177253767151,145.44110107421875,94.21408081054688,39.87683132460067,1,3
16262.0,1105.5189027078677,0.5365934138454431,0.9106726257205618,141.05999755859375,165.8018341064453,36.90752640289959,1,3
13206.0,640.4863273947651,0.9236902846751068,0.9657915361729243,142.68028259277344,161.90960693359375,48.920438893962846,1,3
13839.0,768.8772003600252,0.6091377261323122,0.958849100853274,145.0257568359375,163.25460815429688,48.977952973924175,1,0
18948.0,1094.7432534317572,0.7560148425966564,0.8677702305201979,143.26573181152344,162.5261993408203,43.96421601688874,1,3
25208.0,1618.6854249492378,0.5690807296369875,0.5961818868628308,144.37930297851562,160.62210083007812,41.21518743405444,1,3
26460.0,1418.4549775709386,0.6535269709543569,0.7354584967650669,142.16221618652344,150.50387573242188,45.46967332411087,1,3
24747.0,1830.3443712397836,0.7207094387977983,0.6313988066700501,147.9835662841797,191.34718322753903,47.40102929527056,1,0
42507.0,2543.2531008923847,0.8586058537176561,0.7117499576594591,133.34059143066406,100.03797912597656,43.56957945163691,1,2
16310.0,1772.059053971795,0.3625088904694168,0.8326133210257618,139.2073211669922,100.70298767089844,46.42983127248797,1,3
11338.0,879.0742058734452,0.6019644279267321,0.9482964478237124,140.45668029785156,111.57804870605467,45.70987500915902,1,3
